emp_id,name,dept,location,role,joining_date,salary_band,email,manager_id,is_active,performance_rating,certifications
EMP1001,Patrick Sanchez,Engineering,Sydney,Corporate treasurer,2023-07-14,B,rhodespatricia@example.org,EMP1029,False,Outstanding,AWS
EMP1002,Allen Robinson,Product,Singapore,Risk analyst,2023-02-12,A,hoffmanjennifer@example.net,,True,Exceeds,CISSP
EMP1003,Jerry Ramirez,Marketing,London,Accounting technician,2022-09-24,C,helenpeterson@example.org,EMP1275,True,Needs Improvement,PMP
EMP1004,Gabrielle Davis,Product,London,Chief Strategy Officer,2019-12-04,D,melanie94@example.org,EMP1425,True,Meets,None
EMP1005,Calvin Nielsen,Marketing,Bangalore,Careers information officer,2024-04-20,D,maria95@example.net,EMP1497,True,Exceeds,CISSP
EMP1006,Amber Perez,Finance,Tokyo,Horticultural consultant,2019-09-24,A,wyattmichelle@example.com,EMP1051,True,Exceeds,None
EMP1007,Roy Martin,Product,Tokyo,Marine scientist,2020-06-16,E,elizabethmiles@example.net,EMP1175,False,Outstanding,SCRUM
EMP1008,Mark Ferguson,HR,Sydney,Financial risk analyst,2023-08-10,A,stevennelson@example.net,EMP1052,True,Outstanding,None
EMP1009,Melinda Cameron,Legal,London,Banker,2023-12-13,C,lydiatrujillo@example.com,EMP1350,True,Meets,None
EMP1010,Thomas Bradley,Engineering,London,International aid/development worker,2020-05-15,D,dianafoster@example.net,EMP1038,True,Needs Improvement,PMP
EMP1011,Charles Mcgee,Finance,Bangalore,Solicitor,2021-12-30,C,julie69@example.com,,False,Meets,None
EMP1012,Zachary Hicks,Marketing,Tokyo,"Chemist, analytical",2021-03-04,E,callahaneric@example.org,EMP1472,False,Needs Improvement,AWS
EMP1013,Linda Cruz,HR,Tokyo,"Therapist, occupational",2024-10-30,A,jrice@example.org,EMP1060,True,Outstanding,AWS
EMP1014,Melanie Herrera,Marketing,London,"Geologist, engineering",2023-11-18,B,daniel62@example.com,EMP1406,True,Needs Improvement,CISSP
EMP1015,Sherri Baker,Finance,Sydney,"Restaurant manager, fast food",2018-02-14,C,williamrodriguez@example.net,EMP1269,True,Needs Improvement,CPA
EMP1016,Katie Gonzalez,Product,New York,Midwife,2020-08-19,A,amberosborne@example.net,EMP1389,True,Outstanding,AWS
EMP1017,Fred Smith,Engineering,Tokyo,Medical laboratory scientific officer,2025-11-27,B,john39@example.org,EMP1424,True,Exceeds,PMP
EMP1018,Rose Spence,Marketing,Singapore,Site engineer,2018-10-28,E,davidalvarez@example.net,EMP1155,True,Outstanding,AWS
EMP1019,Shane Henderson,Customer Success,Tokyo,"Engineer, mining",2019-07-02,D,jenniferross@example.net,EMP1156,True,Meets,AWS
EMP1020,Steven Hayes,Product,Sydney,Firefighter,2023-08-16,D,calebsmith@example.net,EMP1054,True,Exceeds,AWS
EMP1021,Adrienne Zimmerman,IT,Tokyo,Barrister's clerk,2020-01-19,A,carlosjohnson@example.com,EMP1281,False,Needs Improvement,CISSP
EMP1022,Diana Washington,Finance,Singapore,"Solicitor, Scotland",2018-09-12,C,jenniferkhan@example.net,,True,Meets,PMP
EMP1023,John Russell,Legal,Singapore,Chief Marketing Officer,2022-02-11,D,hopkinsmichael@example.com,EMP1297,True,Outstanding,AWS
EMP1024,Amy Valdez,Customer Success,Bangalore,Chief Technology Officer,2022-01-24,E,powellmatthew@example.org,EMP1462,True,Meets,None
EMP1025,Joshua Taylor,HR,Bangalore,"Education officer, museum",2020-03-17,E,steven17@example.net,EMP1260,True,Meets,PMP
EMP1026,Zachary Huff,Marketing,Berlin,Chief Financial Officer,2018-12-05,E,gabrieltucker@example.org,EMP1403,True,Meets,AWS
EMP1027,Anthony Gray,Operations,Singapore,Newspaper journalist,2025-06-13,B,sara74@example.com,,False,Exceeds,CISSP
EMP1028,Whitney Peters,Marketing,London,"Radiographer, therapeutic",2024-01-08,B,jamesrobinson@example.org,EMP1076,True,Meets,PMP
EMP1029,Amy Edwards,Legal,New York,Arts administrator,2023-01-08,A,hshaw@example.org,EMP1138,True,Exceeds,PMP
EMP1030,Angela Lopez,IT,Bangalore,"Therapist, nutritional",2018-07-30,A,leonardjoe@example.org,EMP1233,False,Exceeds,None
EMP1031,Lauren Williams,Customer Success,Tokyo,Ceramics designer,2025-09-01,D,ksandoval@example.net,EMP1124,False,Meets,AWS
EMP1032,Christina Moran,IT,Bangalore,Field trials officer,2020-10-13,C,randy47@example.com,EMP1148,True,Meets,AWS
EMP1033,Angel Ellis,Legal,Sydney,"Surveyor, quantity",2025-12-30,B,jonesjason@example.com,,False,Exceeds,SCRUM
EMP1034,Shirley Suarez,Engineering,Singapore,Merchant navy officer,2019-03-22,D,eric84@example.net,EMP1377,True,Meets,PMP
EMP1035,Aimee Montoya,Legal,London,Hydrographic surveyor,2024-12-16,B,mcmillandennis@example.org,EMP1053,True,Meets,CPA
EMP1036,Juan Nelson,Customer Success,Sydney,Trade union research officer,2025-08-30,D,jenniferharris@example.net,EMP1332,True,Exceeds,SCRUM
EMP1037,John Whitehead,Legal,New York,Arts development officer,2025-05-07,C,waltersmaria@example.org,EMP1497,True,Needs Improvement,PMP
EMP1038,Carlos Whitney,Legal,Berlin,"Designer, television/film set",2018-02-15,B,barnold@example.net,EMP1479,False,Meets,AWS
EMP1039,Tony Vazquez,HR,Tokyo,Database administrator,2018-03-06,B,davenportbrandi@example.org,EMP1100,True,Outstanding,SCRUM
EMP1040,Eric Nolan,Product,Tokyo,Archaeologist,2021-10-01,B,jason31@example.com,EMP1401,True,Exceeds,AWS
EMP1041,Shelly Dickson,Finance,London,"Designer, fashion/clothing",2024-09-23,A,michellecherry@example.org,,True,Needs Improvement,None
EMP1042,Christopher Middleton,Finance,London,Paramedic,2025-08-04,A,josephcobb@example.org,EMP1185,True,Meets,None
EMP1043,Shannon Walker,Engineering,Berlin,Psychiatrist,2021-05-07,C,kevin33@example.org,EMP1052,True,Outstanding,AWS
EMP1044,Garrett Lin,Marketing,London,Health promotion specialist,2023-09-16,D,darlene68@example.com,EMP1052,True,Needs Improvement,SCRUM
EMP1045,Shawn Green,Engineering,Tokyo,Telecommunications researcher,2026-01-31,B,benjamin96@example.com,,True,Needs Improvement,PMP
EMP1046,Jessica Joyce,Finance,Tokyo,Commercial art gallery manager,2024-04-16,D,mlam@example.com,EMP1309,True,Outstanding,PMP
EMP1047,April Frost,Legal,London,Solicitor,2018-06-21,C,michaeljones@example.net,EMP1390,True,Outstanding,CISSP
EMP1048,Erik Charles,Legal,Berlin,Hydrologist,2025-12-04,C,elizabeth56@example.net,EMP1401,True,Meets,CPA
EMP1049,Cheryl Ortega,Legal,London,Museum education officer,2020-08-10,C,christinaturner@example.net,EMP1064,True,Meets,SCRUM
EMP1050,Dustin Jordan,IT,New York,TEFL teacher,2025-03-09,C,steven73@example.net,EMP1338,True,Exceeds,AWS
EMP1051,Toni Fitzgerald,IT,Bangalore,Chartered accountant,2022-02-13,D,zachary95@example.org,EMP1096,True,Outstanding,CISSP
EMP1052,Cynthia Collins,Product,Singapore,"Engineer, civil (contracting)",2025-01-20,A,andrewsanchez@example.com,EMP1071,False,Meets,PMP
EMP1053,Angel Perry,IT,Tokyo,Teaching laboratory technician,2023-04-18,D,jennifercruz@example.com,EMP1005,False,Exceeds,CISSP
EMP1054,Michael Stafford,Customer Success,Tokyo,Clinical biochemist,2020-03-03,E,zrobinson@example.net,,True,Outstanding,CPA
EMP1055,Justin Lowery,Sales,Singapore,Community development worker,2022-07-02,B,danderson@example.net,EMP1376,True,Outstanding,None
EMP1056,Linda Dodson DVM,Marketing,London,Video editor,2022-08-12,E,jrivas@example.com,EMP1257,True,Meets,CISSP
EMP1057,Scott Cole,Finance,Singapore,Firefighter,2025-09-22,C,katie87@example.net,EMP1002,True,Outstanding,SCRUM
EMP1058,Billy Mitchell,Marketing,Tokyo,Glass blower/designer,2020-02-17,D,luis81@example.org,EMP1001,True,Exceeds,CISSP
EMP1059,Michael Mccarthy,Customer Success,Tokyo,Bonds trader,2019-05-18,C,irussell@example.com,EMP1331,True,Needs Improvement,PMP
EMP1060,Ross Price,Legal,New York,Television/film/video producer,2021-08-18,C,gateskathy@example.com,EMP1426,True,Outstanding,SCRUM
EMP1061,Guy Molina,Legal,Bangalore,Personnel officer,2022-02-24,E,tracynelson@example.com,EMP1290,False,Meets,PMP
EMP1062,Michael Yates,IT,Bangalore,Diagnostic radiographer,2018-05-05,D,ncalhoun@example.net,EMP1333,True,Outstanding,PMP
EMP1063,Leslie Alvarado,Legal,Sydney,Charity officer,2018-04-28,C,dtaylor@example.org,EMP1075,True,Meets,None
EMP1064,Garrett Gibson,Finance,Tokyo,Leisure centre manager,2018-07-10,C,aramirez@example.com,EMP1241,False,Meets,CPA
EMP1065,Alec Ryan,IT,London,Maintenance engineer,2025-03-12,C,debraharrington@example.net,EMP1161,False,Meets,SCRUM
EMP1066,Tiffany Gonzalez,HR,Singapore,Advertising account planner,2018-06-09,D,johnwells@example.org,EMP1498,False,Needs Improvement,CPA
EMP1067,Julie Scott,Operations,Berlin,"Merchandiser, retail",2022-11-22,E,catherinestuart@example.net,,True,Outstanding,CPA
EMP1068,Carla Collins,Finance,Tokyo,Technical sales engineer,2019-01-25,A,hickmanbarbara@example.com,,False,Meets,PMP
EMP1069,Christina Vargas,Sales,Singapore,Financial manager,2021-06-20,C,terrykevin@example.net,EMP1403,False,Meets,SCRUM
EMP1070,Rebecca Knight,Product,London,Architectural technologist,2023-03-15,D,amanda51@example.net,EMP1147,True,Exceeds,CPA
EMP1071,Samuel Short,Customer Success,Berlin,Claims inspector/assessor,2023-08-08,E,oyu@example.com,EMP1397,True,Needs Improvement,SCRUM
EMP1072,Christopher Boyd,Operations,Sydney,Geophysicist/field seismologist,2024-02-10,E,umarshall@example.net,,True,Needs Improvement,SCRUM
EMP1073,David Michael,Customer Success,Tokyo,Health promotion specialist,2020-05-17,A,dsanchez@example.net,EMP1266,False,Needs Improvement,AWS
EMP1074,Gabrielle Snyder,Product,Tokyo,"Journalist, broadcasting",2023-04-15,A,tonykelly@example.com,EMP1307,True,Meets,AWS
EMP1075,Kyle Beard,Legal,London,"Surveyor, commercial/residential",2020-12-27,C,blackjames@example.org,EMP1387,True,Exceeds,None
EMP1076,Justin Allen,Sales,Sydney,Publishing copy,2024-03-21,E,bwest@example.org,EMP1294,False,Meets,AWS
EMP1077,Michael Torres,Marketing,Tokyo,Television camera operator,2020-08-06,D,thomas85@example.com,EMP1116,True,Exceeds,PMP
EMP1078,Heather Chavez,Legal,London,Information officer,2024-06-09,D,jerry35@example.org,EMP1476,False,Exceeds,SCRUM
EMP1079,Pamela Lopez,Finance,London,"Engineer, technical sales",2024-05-31,A,lhill@example.net,EMP1172,True,Needs Improvement,CISSP
EMP1080,Brian Lee,Marketing,London,Ergonomist,2023-03-04,E,harry08@example.org,EMP1209,True,Outstanding,CPA
EMP1081,Anthony Carter,Sales,Sydney,Computer games developer,2020-06-05,B,agarcia@example.net,EMP1270,True,Exceeds,CPA
EMP1082,Jeremiah Lopez,Product,Tokyo,Arts development officer,2020-07-06,E,shelley71@example.org,EMP1399,True,Exceeds,None
EMP1083,Kenneth Parks Jr.,HR,London,"Surveyor, quantity",2021-07-02,E,christopher31@example.net,EMP1028,True,Needs Improvement,AWS
EMP1084,Kyle Montgomery,Product,London,"Scientist, research (medical)",2024-08-06,B,chayes@example.com,EMP1220,True,Meets,AWS
EMP1085,Jessica Carroll,Finance,Tokyo,Best boy,2025-05-30,C,mezajared@example.org,EMP1188,True,Needs Improvement,AWS
EMP1086,Brooke Thompson,HR,Tokyo,Cabin crew,2020-05-06,C,aaronhayes@example.net,EMP1331,True,Meets,CPA
EMP1087,David Mann,Legal,London,Professor Emeritus,2022-02-02,A,mcdanielsandra@example.net,EMP1232,True,Meets,None
EMP1088,Taylor Coleman,Marketing,New York,Sport and exercise psychologist,2023-02-10,D,deborahkerr@example.org,EMP1354,False,Meets,CISSP
EMP1089,Ricky Larson,IT,Bangalore,"Teacher, adult education",2018-09-13,D,scott74@example.net,EMP1292,True,Outstanding,PMP
EMP1090,Kathryn Snyder,Sales,Sydney,Catering manager,2021-07-08,A,prestonjessica@example.net,EMP1089,False,Exceeds,PMP
EMP1091,Darryl Craig,Legal,New York,Teaching laboratory technician,2020-03-22,B,keyemily@example.com,EMP1235,True,Exceeds,CPA
EMP1092,Peter Ruiz,Customer Success,Bangalore,Private music teacher,2022-12-30,D,howard96@example.net,EMP1246,True,Exceeds,PMP
EMP1093,Brandon Bailey MD,Operations,Berlin,Civil Service fast streamer,2025-01-07,A,marksteele@example.com,EMP1498,True,Needs Improvement,None
EMP1094,Robin Pierce,Product,Berlin,"Programme researcher, broadcasting/film/video",2023-09-24,D,edwardsmarcus@example.com,EMP1203,True,Meets,CISSP
EMP1095,Virginia Sandoval,Product,Sydney,Special effects artist,2025-06-14,B,mgutierrez@example.net,EMP1101,False,Outstanding,CPA
EMP1096,Kathleen Ramos,Sales,Tokyo,Arts development officer,2021-03-04,A,josephanderson@example.com,EMP1294,True,Exceeds,CPA
EMP1097,Kari Johnson,Engineering,Bangalore,Transport planner,2021-10-27,E,jennifercollins@example.org,EMP1100,False,Needs Improvement,CISSP
EMP1098,Danny Skinner,Operations,Sydney,Clothing/textile technologist,2022-10-16,E,pvalentine@example.org,EMP1143,False,Meets,None
EMP1099,Dorothy Thornton,Customer Success,Sydney,Pathologist,2022-05-02,D,pbaird@example.com,EMP1116,True,Needs Improvement,CPA
EMP1100,Connor Greene,Marketing,New York,Copy,2022-10-13,C,hillkristy@example.com,EMP1169,True,Exceeds,CPA
EMP1101,Katie Hoover,Customer Success,Tokyo,Heritage manager,2020-12-25,C,mary97@example.org,EMP1328,True,Meets,CISSP
EMP1102,Haley Arnold,Product,Berlin,Speech and language therapist,2021-11-22,B,ugibson@example.org,EMP1424,True,Exceeds,None
EMP1103,James Chase,HR,London,Paediatric nurse,2024-01-11,C,floresthomas@example.com,EMP1179,True,Exceeds,CISSP
EMP1104,Rebecca Pearson MD,Finance,Singapore,Animator,2021-05-18,B,waynelawrence@example.org,EMP1098,True,Meets,CISSP
EMP1105,Ariana Lozano,Finance,London,"Administrator, local government",2025-07-13,C,robertpena@example.org,,False,Outstanding,CISSP
EMP1106,Wayne Morgan,Customer Success,London,Occupational therapist,2018-09-24,A,christianmelissa@example.net,EMP1424,True,Needs Improvement,CISSP
EMP1107,Lori Clay,Operations,London,Ranger/warden,2021-04-29,D,williamsonjimmy@example.net,EMP1198,True,Outstanding,PMP
EMP1108,Darren Davis,Customer Success,Bangalore,Chief Technology Officer,2025-12-05,B,wallaceheather@example.org,EMP1068,False,Meets,CPA
EMP1109,Anthony Howard,Product,Singapore,Plant breeder/geneticist,2018-06-26,A,johnjenkins@example.net,EMP1394,True,Outstanding,CPA
EMP1110,Christopher Lynch,Sales,London,Museum/gallery exhibitions officer,2024-11-01,C,tyleraguilar@example.org,EMP1434,True,Exceeds,CPA
EMP1111,Julia Estrada,Legal,Bangalore,"Psychologist, occupational",2022-01-06,D,erica21@example.com,EMP1181,True,Exceeds,CISSP
EMP1112,Elizabeth Hayden DDS,Sales,Tokyo,"Programmer, multimedia",2021-01-12,A,james67@example.org,EMP1287,True,Exceeds,CISSP
EMP1113,Ian Phillips,Marketing,Bangalore,Hotel manager,2020-02-10,C,spencedominique@example.com,EMP1063,True,Needs Improvement,PMP
EMP1114,Melissa Garner,Finance,New York,Artist,2018-03-01,E,swall@example.org,EMP1332,True,Meets,SCRUM
EMP1115,Colleen Lee,Operations,Tokyo,Fitness centre manager,2023-04-05,A,courtneyberger@example.net,EMP1328,True,Outstanding,AWS
EMP1116,Jeremiah Riley,Legal,Tokyo,"Conservator, museum/gallery",2018-06-06,A,browningmark@example.com,,True,Outstanding,None
EMP1117,Richard Walter,Sales,Tokyo,Medical secretary,2019-08-03,A,maria47@example.com,EMP1028,True,Exceeds,None
EMP1118,Regina Mcdonald,HR,New York,Call centre manager,2024-06-11,E,karenperez@example.net,EMP1339,True,Outstanding,None
EMP1119,Jennifer Singleton,Marketing,New York,"Surveyor, hydrographic",2024-04-03,E,christopher60@example.com,EMP1123,True,Outstanding,SCRUM
EMP1120,Jacob Curry,Engineering,New York,Garment/textile technologist,2022-08-29,E,xcarson@example.org,EMP1446,True,Needs Improvement,CISSP
EMP1121,Alexander Henson,Engineering,New York,"Surveyor, mining",2023-11-01,B,rose31@example.net,EMP1160,True,Exceeds,CISSP
EMP1122,Michael Banks,IT,London,Commercial horticulturist,2025-02-06,B,brandonjohnson@example.com,EMP1408,True,Outstanding,CISSP
EMP1123,Stephen Taylor,Engineering,Sydney,Professor Emeritus,2019-01-30,A,ellen86@example.net,EMP1441,True,Needs Improvement,CISSP
EMP1124,Stacey Pena,IT,Tokyo,Recruitment consultant,2024-05-29,E,rcrosby@example.org,EMP1488,True,Outstanding,CPA
EMP1125,Jeremy Sampson,Finance,Singapore,Medical laboratory scientific officer,2023-12-19,E,pollardmichael@example.net,EMP1285,True,Outstanding,SCRUM
EMP1126,Donald Donaldson,HR,Sydney,"Programme researcher, broadcasting/film/video",2021-02-22,C,batesdarlene@example.net,EMP1049,True,Exceeds,PMP
EMP1127,Gavin Zhang,Marketing,Singapore,Systems analyst,2018-04-11,B,caseyhubbard@example.org,,True,Needs Improvement,CPA
EMP1128,Sergio Murphy,Product,London,Data scientist,2023-01-30,E,ramireztracey@example.org,EMP1180,True,Exceeds,None
EMP1129,Christopher Guerrero,Engineering,New York,Agricultural engineer,2022-09-09,A,alexistyler@example.org,EMP1332,True,Exceeds,SCRUM
EMP1130,Christopher Williams,Customer Success,New York,"Pharmacist, community",2023-02-07,E,reesethomas@example.com,EMP1375,False,Meets,CISSP
EMP1131,Jodi Walker,HR,New York,Volunteer coordinator,2022-06-17,B,acostaregina@example.net,EMP1045,True,Needs Improvement,PMP
EMP1132,Mason Johnson,Finance,London,Quality manager,2022-07-13,D,gsimmons@example.com,EMP1106,True,Outstanding,AWS
EMP1133,Angel Miller,Engineering,Bangalore,Translator,2024-02-26,B,cameronhill@example.net,EMP1331,True,Meets,CPA
EMP1134,Erika Vang,Legal,Sydney,Set designer,2023-01-27,B,shawn96@example.org,EMP1411,True,Needs Improvement,SCRUM
EMP1135,Sarah Curtis,IT,Tokyo,Structural engineer,2024-11-03,B,russellbeasley@example.com,EMP1083,True,Meets,None
EMP1136,Jennifer Blair,Engineering,Tokyo,Intelligence analyst,2020-12-23,B,qedwards@example.com,EMP1007,True,Exceeds,SCRUM
EMP1137,Kara Davis,HR,Sydney,Chartered certified accountant,2019-05-24,B,reynoldsjulie@example.com,EMP1131,True,Outstanding,AWS
EMP1138,Anthony Frye,Product,London,"Surveyor, planning and development",2024-12-31,E,elizabeth65@example.net,EMP1435,True,Needs Improvement,AWS
EMP1139,Thomas Williams,Sales,New York,Holiday representative,2024-06-23,E,michael98@example.org,EMP1241,True,Outstanding,CISSP
EMP1140,Courtney Rodriguez,Operations,Sydney,"Surveyor, commercial/residential",2019-05-30,E,danny49@example.org,,True,Exceeds,CPA
EMP1141,Justin Saunders,IT,London,Wellsite geologist,2024-12-16,B,lynchdiane@example.net,EMP1463,True,Meets,CPA
EMP1142,Donald Farmer,IT,Tokyo,"Librarian, academic",2020-05-14,C,adam29@example.net,EMP1150,True,Outstanding,None
EMP1143,Patrick Bonilla,Finance,Bangalore,"Chemist, analytical",2021-07-03,A,nicholaschavez@example.org,EMP1409,True,Exceeds,CISSP
EMP1144,Frederick Pugh,HR,Berlin,"Therapist, occupational",2021-03-29,C,wareeric@example.net,EMP1415,True,Outstanding,CISSP
EMP1145,Denise Stanley,Legal,Singapore,"Radiographer, diagnostic",2018-07-08,A,nperry@example.net,EMP1143,True,Needs Improvement,PMP
EMP1146,Brian Gregory,IT,Singapore,"Therapist, horticultural",2019-01-23,D,trose@example.org,EMP1404,True,Meets,CPA
EMP1147,Kyle Smith,Customer Success,Sydney,Illustrator,2019-12-21,B,katrinaduran@example.com,EMP1258,True,Meets,PMP
EMP1148,Jonathan Jordan,Engineering,London,"Conservation officer, nature",2020-11-19,D,opatel@example.net,EMP1054,True,Exceeds,None
EMP1149,Renee Jones,Engineering,New York,Archivist,2022-11-05,D,esmith@example.com,EMP1233,True,Needs Improvement,None
EMP1150,Jared Bowman,Product,London,Horticultural consultant,2022-12-28,E,sullivantammy@example.org,EMP1470,True,Needs Improvement,SCRUM
EMP1151,Julia Norris,HR,New York,Medical illustrator,2024-11-28,C,kimdaniel@example.com,EMP1131,True,Exceeds,SCRUM
EMP1152,Blake Harrell,IT,Berlin,"Librarian, academic",2023-02-07,C,masonjackson@example.net,EMP1272,False,Meets,AWS
EMP1153,Jordan Bullock,Marketing,Bangalore,Magazine journalist,2023-06-25,D,jessica23@example.org,EMP1208,True,Exceeds,CISSP
EMP1154,Christopher Hernandez,Legal,Berlin,Call centre manager,2019-05-04,B,stephanieburton@example.com,EMP1129,True,Meets,AWS
EMP1155,Lauren Maldonado,HR,Bangalore,Systems analyst,2024-07-05,B,michelle52@example.com,EMP1418,False,Outstanding,SCRUM
EMP1156,Mark Hogan,Product,Bangalore,"Therapist, art",2018-09-04,D,bellcharles@example.com,EMP1070,False,Meets,SCRUM
EMP1157,Jacob Mitchell,Operations,Bangalore,Chemical engineer,2021-12-09,B,jford@example.net,EMP1039,True,Meets,PMP
EMP1158,Terry Armstrong,Finance,Sydney,Emergency planning/management officer,2025-09-18,E,cassidy82@example.org,EMP1123,True,Needs Improvement,CPA
EMP1159,Steven Cooper,Finance,Singapore,Chartered accountant,2021-12-04,B,benjaminzimmerman@example.com,EMP1385,True,Exceeds,CISSP
EMP1160,Caitlin Watson,Sales,London,Heritage manager,2022-07-21,D,vortiz@example.net,EMP1460,False,Outstanding,AWS
EMP1161,Mark Cook,Engineering,Singapore,Landscape architect,2023-03-07,E,grantpaul@example.com,,True,Exceeds,PMP
EMP1162,Tracey Morrison,Customer Success,Berlin,Dealer,2024-04-01,B,christopher25@example.com,EMP1173,False,Needs Improvement,CISSP
EMP1163,Jenna Larson,Customer Success,Tokyo,Chartered accountant,2023-09-04,A,angelica52@example.net,,True,Exceeds,None
EMP1164,Nancy Jennings,Engineering,New York,Secretary/administrator,2024-01-27,A,lucasrodney@example.com,EMP1221,True,Outstanding,None
EMP1165,Christopher Lewis,HR,Berlin,"Radiographer, diagnostic",2018-04-01,E,jeremytaylor@example.org,EMP1189,True,Needs Improvement,SCRUM
EMP1166,Ashley Wise,IT,Bangalore,Secretary/administrator,2020-08-10,E,stanleynancy@example.net,EMP1472,True,Meets,None
EMP1167,Brittany White,IT,Tokyo,Diagnostic radiographer,2019-03-18,C,xwilliams@example.net,EMP1023,True,Needs Improvement,CPA
EMP1168,Jeremy Mitchell,Customer Success,Bangalore,"Production assistant, radio",2024-03-19,E,amandacollins@example.com,EMP1379,True,Outstanding,PMP
EMP1169,Holly Valentine,IT,Bangalore,Prison officer,2025-10-13,E,xhammond@example.com,EMP1043,True,Needs Improvement,SCRUM
EMP1170,Tracy Montoya,Legal,London,Trade union research officer,2022-05-16,C,moniquewilliams@example.com,EMP1123,False,Meets,CPA
EMP1171,Timothy Dawson,Operations,Sydney,"Scientist, clinical (histocompatibility and immunogenetics)",2025-07-12,C,mitchellkathryn@example.com,EMP1083,True,Needs Improvement,None
EMP1172,Brittany Kim,Legal,Tokyo,Environmental education officer,2021-11-30,C,bwilkerson@example.com,EMP1028,True,Meets,None
EMP1173,James Hughes,HR,Sydney,Ceramics designer,2018-07-19,D,jeffrey51@example.net,EMP1397,True,Exceeds,PMP
EMP1174,Charles Johnson,Customer Success,Bangalore,Public house manager,2023-08-16,D,katherineharrison@example.net,EMP1410,True,Needs Improvement,AWS
EMP1175,Alicia Lewis,Operations,Berlin,Dealer,2018-02-20,C,srodriguez@example.org,,True,Needs Improvement,CPA
EMP1176,David Fowler,Marketing,Tokyo,Writer,2020-08-27,C,fbrown@example.net,EMP1439,True,Exceeds,CISSP
EMP1177,Jose Allen,Legal,New York,Cytogeneticist,2022-08-27,B,ruben95@example.org,EMP1019,False,Meets,SCRUM
EMP1178,Matthew Miller,Marketing,Berlin,Media planner,2022-12-12,C,ashleyamy@example.net,EMP1314,True,Exceeds,CPA
EMP1179,Shane Williams,HR,Bangalore,Naval architect,2022-10-22,B,jon05@example.org,EMP1346,False,Meets,CISSP
EMP1180,Matthew Garcia,Product,Sydney,Television camera operator,2021-01-10,A,dennis58@example.com,EMP1273,True,Outstanding,None
EMP1181,Sandra Cohen,Sales,New York,Quality manager,2025-01-05,D,lisabrown@example.com,,True,Meets,SCRUM
EMP1182,Andrew Gonzalez,Sales,Tokyo,Architectural technologist,2018-05-29,B,sarah86@example.net,EMP1377,True,Outstanding,AWS
EMP1183,Paul Lee,Operations,Berlin,Marketing executive,2022-02-13,A,glennmartin@example.org,EMP1138,True,Meets,SCRUM
EMP1184,Steve Paul,Sales,New York,Nature conservation officer,2024-11-22,C,terri77@example.com,EMP1001,True,Meets,None
EMP1185,Debra Miller,Legal,Berlin,Photographer,2025-12-15,A,jordanwanda@example.org,EMP1453,True,Needs Improvement,SCRUM
EMP1186,Brian Murphy,IT,Bangalore,Hotel manager,2022-09-25,C,sean62@example.net,EMP1074,False,Meets,CISSP
EMP1187,Andrew Berg,Legal,New York,Manufacturing engineer,2021-11-14,D,yhill@example.org,EMP1492,True,Needs Improvement,CPA
EMP1188,Jennifer Palmer,Customer Success,London,"Designer, jewellery",2018-09-25,C,thomascathy@example.com,EMP1401,True,Outstanding,None
EMP1189,David Brewer,Customer Success,Bangalore,Medical illustrator,2018-05-23,B,cherring@example.net,EMP1435,True,Exceeds,CPA
EMP1190,Tiffany Watson,Engineering,Sydney,Camera operator,2019-05-26,D,alyssasanders@example.net,EMP1224,False,Needs Improvement,AWS
EMP1191,Brian Fitzgerald,Engineering,Bangalore,Restaurant manager,2020-06-18,D,hmcintyre@example.com,,False,Exceeds,AWS
EMP1192,Jeremy Davies,Finance,Singapore,Higher education lecturer,2024-09-07,B,igonzalez@example.org,EMP1385,True,Exceeds,SCRUM
EMP1193,Micheal Osborn,Operations,Tokyo,IT consultant,2021-12-09,E,jenna88@example.com,EMP1055,True,Meets,SCRUM
EMP1194,Christopher Mckinney,Sales,Berlin,Ecologist,2025-09-04,E,william13@example.org,,True,Meets,CPA
EMP1195,Allison Spencer,Operations,London,"Merchandiser, retail",2020-02-09,A,jlara@example.org,EMP1199,True,Meets,PMP
EMP1196,Ana Sanders,Customer Success,Tokyo,Quality manager,2023-04-20,E,khammond@example.org,,True,Outstanding,None
EMP1197,Maria Cole,Marketing,New York,"Scientist, forensic",2019-02-28,E,david89@example.org,EMP1061,True,Meets,AWS
EMP1198,Jessica Bartlett,Product,New York,Automotive engineer,2024-08-16,A,holmeskevin@example.org,EMP1141,True,Needs Improvement,None
EMP1199,Courtney Meza,Engineering,Tokyo,"Scientist, physiological",2020-11-02,B,meghan43@example.net,EMP1034,True,Exceeds,PMP
EMP1200,Mario Mendez,IT,Sydney,Chief Financial Officer,2022-10-12,C,brittanycarpenter@example.org,EMP1250,True,Meets,PMP
EMP1201,Stephanie Morgan,Engineering,Tokyo,"Surveyor, rural practice",2023-09-12,B,bryananthony@example.org,EMP1020,False,Exceeds,AWS
EMP1202,Deborah Clark,Product,Singapore,"Teacher, music",2023-07-20,A,bmontgomery@example.com,EMP1339,True,Exceeds,CISSP
EMP1203,Donna Frye,Customer Success,Bangalore,Radiation protection practitioner,2025-08-28,C,lindacohen@example.com,EMP1185,True,Exceeds,None
EMP1204,Anthony Gonzales,Legal,Sydney,Radio broadcast assistant,2021-12-14,E,mharris@example.org,EMP1462,True,Needs Improvement,CPA
EMP1205,Emma Travis,Customer Success,Tokyo,Location manager,2020-10-02,C,xanderson@example.net,EMP1355,True,Meets,CISSP
EMP1206,David Martinez,Marketing,Bangalore,"Production assistant, television",2022-11-14,A,donaldwilliams@example.com,EMP1246,False,Outstanding,PMP
EMP1207,Danielle Grimes,Engineering,New York,"Designer, jewellery",2025-06-11,C,sarah53@example.org,EMP1340,True,Needs Improvement,SCRUM
EMP1208,Julie Koch DDS,Sales,Sydney,Chemical engineer,2022-05-02,D,pwagner@example.org,EMP1239,True,Meets,CISSP
EMP1209,Anthony Simpson,Customer Success,London,"Psychotherapist, dance movement",2023-01-21,D,amanda16@example.org,EMP1218,False,Needs Improvement,CISSP
EMP1210,Jacob Powell,Marketing,Berlin,Armed forces technical officer,2025-08-07,E,jwilliams@example.org,EMP1082,True,Needs Improvement,None
EMP1211,Angel Gordon,IT,Singapore,Statistician,2021-03-06,E,marcia99@example.org,EMP1149,True,Meets,None
EMP1212,Jennifer Norton,Engineering,Bangalore,"Librarian, academic",2019-03-10,D,kari39@example.net,EMP1346,True,Needs Improvement,None
EMP1213,Amber Taylor,IT,London,"Lecturer, further education",2021-07-05,D,jstone@example.net,EMP1341,True,Meets,SCRUM
EMP1214,Erin Austin,Finance,Singapore,"Designer, textile",2025-09-09,D,vewing@example.com,EMP1276,True,Meets,None
EMP1215,Ronald Patel,Legal,Berlin,"Surveyor, quantity",2023-02-22,E,thomas05@example.com,EMP1168,True,Meets,PMP
EMP1216,Jason Parker,Product,Tokyo,Aid worker,2023-10-29,B,pbaker@example.net,EMP1121,True,Needs Improvement,None
EMP1217,Anthony Castillo,Product,Berlin,"Scientist, research (physical sciences)",2023-01-03,E,rhernandez@example.org,EMP1085,True,Meets,CPA
EMP1218,Melody Lee,Finance,Tokyo,Prison officer,2018-05-13,C,robert63@example.com,EMP1117,True,Needs Improvement,AWS
EMP1219,Tami Salas,IT,Singapore,Biomedical engineer,2022-05-13,D,aprilhoffman@example.net,EMP1462,True,Needs Improvement,PMP
EMP1220,Emily Thompson,Operations,New York,Site engineer,2022-03-01,D,amy49@example.com,EMP1222,True,Outstanding,SCRUM
EMP1221,Diana Evans,Customer Success,Sydney,Human resources officer,2019-09-24,B,janet75@example.com,EMP1114,True,Needs Improvement,PMP
EMP1222,Taylor Griffith,Operations,Sydney,Holiday representative,2021-01-22,C,berryamy@example.com,EMP1103,True,Outstanding,PMP
EMP1223,Raymond Thomas,Product,Sydney,Archivist,2025-01-20,D,stephanie15@example.com,EMP1312,True,Outstanding,CISSP
EMP1224,John Harris,HR,New York,Solicitor,2023-09-04,D,sarah42@example.org,EMP1400,True,Needs Improvement,None
EMP1225,Cynthia Williams,Finance,Singapore,Set designer,2023-05-01,E,danawilliams@example.com,EMP1413,True,Meets,SCRUM
EMP1226,Ashlee Townsend,Customer Success,New York,"Accountant, chartered public finance",2020-11-26,C,richarddonovan@example.com,EMP1080,True,Meets,AWS
EMP1227,Nicole Mitchell,Sales,Sydney,Higher education lecturer,2022-02-26,C,velezchristopher@example.net,,False,Outstanding,PMP
EMP1228,Miranda Zuniga,Legal,Tokyo,Economist,2020-01-26,C,lkhan@example.org,EMP1294,True,Meets,AWS
EMP1229,Jon Zuniga,Marketing,Bangalore,Horticultural consultant,2025-03-16,C,smithashley@example.org,EMP1348,True,Exceeds,None
EMP1230,Mrs. Virginia Daniels,Sales,Tokyo,"Research officer, political party",2025-12-28,A,melissamcdonald@example.org,EMP1373,False,Outstanding,AWS
EMP1231,Christopher Stevens,Sales,Singapore,Furniture designer,2024-12-21,A,alexisrogers@example.com,EMP1069,True,Exceeds,PMP
EMP1232,Cheryl Carr,IT,Singapore,"Optician, dispensing",2022-12-04,E,frobertson@example.com,EMP1399,True,Needs Improvement,CISSP
EMP1233,William Woods,Sales,London,Fish farm manager,2023-10-15,D,greenjoe@example.com,EMP1147,True,Exceeds,SCRUM
EMP1234,Nathan Smith,Customer Success,New York,Media buyer,2020-11-24,C,bryanwilson@example.com,EMP1026,False,Exceeds,CPA
EMP1235,Jonathan Jacobson,Finance,Tokyo,Insurance risk surveyor,2019-06-15,C,fowlershelia@example.com,EMP1421,True,Outstanding,AWS
EMP1236,Tyler Mendoza,Operations,Berlin,"Programme researcher, broadcasting/film/video",2023-04-28,C,robert87@example.net,EMP1080,False,Needs Improvement,None
EMP1237,Colleen Wright,Product,Singapore,"Therapist, occupational",2024-11-30,D,foxallison@example.com,EMP1211,True,Outstanding,PMP
EMP1238,Ashley Poole,Marketing,Bangalore,Risk analyst,2018-10-04,E,ashleyhernandez@example.com,EMP1072,True,Outstanding,SCRUM
EMP1239,Audrey Harris,Sales,New York,Television production assistant,2025-05-12,B,gdavis@example.com,EMP1250,True,Exceeds,None
EMP1240,Carlos Perry,Engineering,London,"Surveyor, rural practice",2024-12-21,A,hansenemily@example.com,EMP1198,False,Meets,CPA
EMP1241,David Smith,Operations,London,Engineering geologist,2024-03-31,C,williamsmelvin@example.org,EMP1036,True,Exceeds,CISSP
EMP1242,Taylor Jones DVM,HR,Sydney,Ambulance person,2022-09-12,B,robert26@example.com,EMP1305,True,Needs Improvement,PMP
EMP1243,Sergio Knox,Product,Berlin,Mining engineer,2025-09-04,D,vegadorothy@example.net,EMP1471,True,Exceeds,CPA
EMP1244,Hannah White,Legal,Sydney,Soil scientist,2019-03-24,B,urice@example.org,EMP1340,False,Exceeds,CPA
EMP1245,Alexander Evans,Operations,Sydney,Sport and exercise psychologist,2025-03-12,E,opatel@example.org,EMP1294,True,Needs Improvement,None
EMP1246,Donald Pineda,Engineering,Tokyo,"Clinical scientist, histocompatibility and immunogenetics",2022-01-05,B,pachecorobert@example.org,EMP1490,True,Needs Improvement,SCRUM
EMP1247,Brian Johnson,Customer Success,Tokyo,"Therapist, sports",2020-02-21,A,sanchezbradley@example.com,EMP1336,True,Exceeds,None
EMP1248,Nicole Parsons,Legal,Bangalore,Counselling psychologist,2020-02-02,D,jim95@example.net,EMP1078,True,Meets,SCRUM
EMP1249,Sabrina Young,Operations,Berlin,Customer service manager,2023-03-07,A,roberthill@example.net,EMP1198,True,Meets,CPA
EMP1250,Susan Garrett,Marketing,New York,Physiotherapist,2023-02-16,D,wwilliams@example.net,EMP1272,False,Meets,CISSP
EMP1251,Joseph Horton,Customer Success,Sydney,Osteopath,2023-10-21,E,kevinwhite@example.net,EMP1453,False,Needs Improvement,PMP
EMP1252,Darin Mathews,Operations,New York,Cytogeneticist,2022-02-14,B,jmelendez@example.com,EMP1351,True,Meets,SCRUM
EMP1253,Brandi Sanchez,Sales,Tokyo,"Engineer, electronics",2021-08-21,D,deborah75@example.org,EMP1271,True,Outstanding,SCRUM
EMP1254,Cheryl Adams,Engineering,New York,Trade union research officer,2022-08-26,C,russojacob@example.net,EMP1335,True,Exceeds,AWS
EMP1255,Claire Clark,Finance,Bangalore,Learning mentor,2024-04-03,A,susan03@example.org,EMP1452,True,Outstanding,CPA
EMP1256,Zachary Mendoza,Legal,Bangalore,Financial manager,2024-05-26,D,randyallen@example.com,EMP1389,True,Outstanding,PMP
EMP1257,John Wong,Engineering,Berlin,Insurance account manager,2024-09-09,D,michael77@example.org,EMP1242,True,Outstanding,CISSP
EMP1258,Mrs. Sara Rocha,Customer Success,Berlin,Metallurgist,2024-12-03,B,robert93@example.net,EMP1217,False,Outstanding,SCRUM
EMP1259,Juan Silva,Marketing,New York,Pensions consultant,2019-05-03,E,elijah53@example.com,EMP1004,True,Exceeds,CPA
EMP1260,Kathryn Pena,Product,Sydney,Leisure centre manager,2022-12-10,C,kathryn77@example.com,EMP1439,True,Needs Improvement,AWS
EMP1261,Heather Taylor,Legal,Singapore,Sports coach,2019-07-11,A,iwhite@example.net,EMP1154,True,Exceeds,CPA
EMP1262,Sara Jones,IT,New York,Art therapist,2018-08-05,C,gutierrezmegan@example.org,EMP1405,False,Meets,SCRUM
EMP1263,Alexa Wagner,IT,Singapore,Midwife,2018-09-03,C,williamsonelizabeth@example.net,EMP1461,True,Needs Improvement,CPA
EMP1264,Mr. Aaron Arnold,HR,Sydney,"Administrator, charities/voluntary organisations",2025-11-09,A,morenojoshua@example.com,EMP1372,False,Meets,CISSP
EMP1265,Melissa Jordan,Marketing,New York,Editorial assistant,2018-03-29,D,hullalice@example.org,EMP1193,True,Outstanding,PMP
EMP1266,Dawn Gomez,Marketing,Singapore,Occupational psychologist,2019-09-23,C,watsonrichard@example.net,EMP1181,True,Outstanding,CPA
EMP1267,Courtney Sutton DVM,HR,Singapore,Ambulance person,2020-02-29,D,sullivannicholas@example.com,EMP1334,False,Needs Improvement,None
EMP1268,Michele Miller,Engineering,London,Politician's assistant,2018-07-28,D,ariel18@example.org,EMP1293,True,Needs Improvement,CPA
EMP1269,Sean Clay,Legal,Sydney,Public relations officer,2020-01-18,B,brandon14@example.net,EMP1138,True,Needs Improvement,CPA
EMP1270,Cassie Jefferson,Customer Success,New York,"Administrator, sports",2022-11-20,E,brendagoodwin@example.net,EMP1101,True,Meets,None
EMP1271,Billy Martin,Finance,Tokyo,Financial adviser,2025-01-28,E,irhodes@example.com,EMP1040,True,Needs Improvement,PMP
EMP1272,Brenda Hinton,Legal,Tokyo,Careers information officer,2021-05-11,A,brian63@example.org,EMP1257,True,Outstanding,SCRUM
EMP1273,Lisa Larson,Product,Singapore,"Journalist, newspaper",2020-12-28,C,walterskristen@example.com,EMP1134,True,Meets,AWS
EMP1274,Juan Bennett,Product,London,Electronics engineer,2022-04-08,D,nmiller@example.com,EMP1126,True,Exceeds,PMP
EMP1275,Benjamin Adams,Operations,Tokyo,Museum/gallery conservator,2024-11-18,A,jodistewart@example.org,,True,Outstanding,None
EMP1276,Eric Ward,Marketing,Tokyo,Geophysicist/field seismologist,2018-11-15,B,andersonjacob@example.com,EMP1210,True,Exceeds,CISSP
EMP1277,Jennifer Johnson,Marketing,Singapore,Manufacturing systems engineer,2022-10-31,B,carlsonkristen@example.com,EMP1091,True,Exceeds,PMP
EMP1278,James Miller,Product,London,"Surveyor, land/geomatics",2018-03-14,B,ashleyjackson@example.com,EMP1373,True,Needs Improvement,PMP
EMP1279,Eric Snyder,IT,Singapore,Biomedical scientist,2019-07-15,B,ryanfisher@example.com,EMP1243,True,Exceeds,AWS
EMP1280,David Wright,Engineering,Singapore,Research scientist (life sciences),2024-10-01,B,stephentaylor@example.org,EMP1084,True,Meets,PMP
EMP1281,Manuel Brock,Finance,Berlin,Landscape architect,2021-06-17,D,pcook@example.net,EMP1422,True,Needs Improvement,None
EMP1282,Larry Dominguez,IT,Berlin,Quality manager,2019-04-02,E,gregory65@example.com,EMP1384,True,Outstanding,CPA
EMP1283,Katherine Johnston,Product,Tokyo,Financial manager,2024-05-06,E,nicholas65@example.org,EMP1125,True,Outstanding,AWS
EMP1284,Leslie Gardner,Marketing,Tokyo,Statistician,2026-01-08,D,bentonsteven@example.net,EMP1387,True,Exceeds,AWS
EMP1285,Eddie Schwartz,Engineering,New York,Osteopath,2019-11-17,D,ttaylor@example.org,EMP1362,False,Exceeds,PMP
EMP1286,Michelle Mccormick,Engineering,Tokyo,"Buyer, retail",2020-03-30,B,eewing@example.net,EMP1137,False,Meets,AWS
EMP1287,Tammy Kane,Marketing,Singapore,Personal assistant,2021-07-03,E,gibbsmichael@example.net,EMP1420,False,Exceeds,CPA
EMP1288,Angela Mack,Operations,Bangalore,Marine scientist,2023-02-22,A,deborahwilliams@example.net,EMP1449,True,Exceeds,SCRUM
EMP1289,Tracy Rivera,IT,Singapore,Planning and development surveyor,2023-11-09,D,smithjonathan@example.net,EMP1443,False,Needs Improvement,None
EMP1290,Lauren Johnston,Engineering,Berlin,Product designer,2024-06-12,E,peter98@example.org,EMP1182,True,Needs Improvement,None
EMP1291,Mrs. Elizabeth Knapp MD,Operations,Berlin,Curator,2021-01-10,B,larry73@example.net,EMP1219,True,Outstanding,SCRUM
EMP1292,Brent Bowen,Engineering,London,Production manager,2022-03-15,C,carlos01@example.org,EMP1301,True,Exceeds,CPA
EMP1293,Brian Marsh,HR,Tokyo,Financial planner,2025-04-26,B,andrearivera@example.com,EMP1161,True,Meets,None
EMP1294,Jared Lopez,Customer Success,Berlin,Podiatrist,2022-01-09,C,njohnson@example.org,,True,Outstanding,CPA
EMP1295,Jasmine Bush,IT,Sydney,"Engineer, land",2021-12-01,E,karen19@example.org,EMP1138,True,Meets,SCRUM
EMP1296,Chelsea Nguyen,Product,Bangalore,"Programmer, systems",2024-11-22,E,bakermichelle@example.net,,False,Exceeds,SCRUM
EMP1297,James Long,IT,Berlin,Clothing/textile technologist,2023-07-13,B,michael79@example.org,EMP1309,True,Outstanding,AWS
EMP1298,Rebecca Sellers,HR,Bangalore,Therapeutic radiographer,2025-01-06,E,powerslawrence@example.org,EMP1118,True,Meets,CPA
EMP1299,James Thomas,Finance,New York,Network engineer,2020-09-09,D,kcarlson@example.com,,True,Meets,SCRUM
EMP1300,Mark Steele,Customer Success,Berlin,Early years teacher,2021-09-10,C,tracytaylor@example.com,EMP1312,False,Outstanding,CISSP
EMP1301,Anthony Howard,Sales,London,Acupuncturist,2025-04-03,C,ytaylor@example.net,EMP1166,False,Outstanding,AWS
EMP1302,Jennifer Vasquez,Finance,Tokyo,"Producer, radio",2022-05-24,E,kjackson@example.org,EMP1054,True,Outstanding,None
EMP1303,Dorothy Hill,Operations,New York,Soil scientist,2024-11-11,C,gary79@example.net,EMP1103,True,Outstanding,AWS
EMP1304,Krista Wilson,Operations,Singapore,Clothing/textile technologist,2024-08-31,C,kimberly58@example.org,EMP1007,True,Outstanding,None
EMP1305,Kimberly Fritz,Marketing,Singapore,"Civil engineer, consulting",2024-07-23,C,kennethkidd@example.com,,False,Outstanding,PMP
EMP1306,Robert Gonzales,Finance,Tokyo,Commercial/residential surveyor,2020-04-30,A,jasonrojas@example.net,,True,Needs Improvement,CISSP
EMP1307,Lisa Patterson,Finance,Singapore,Warden/ranger,2021-01-28,C,kristenli@example.org,EMP1229,False,Outstanding,SCRUM
EMP1308,Douglas Ryan,Product,London,Jewellery designer,2022-12-11,D,keith48@example.net,EMP1246,False,Outstanding,SCRUM
EMP1309,Victor Floyd,Customer Success,Tokyo,Barrister's clerk,2025-01-10,E,michelle22@example.org,EMP1416,True,Outstanding,CISSP
EMP1310,Sandra Juarez,Marketing,New York,"Nurse, learning disability",2019-05-04,C,othomas@example.com,EMP1330,True,Meets,None
EMP1311,Jesse Schultz,Customer Success,London,Chief Financial Officer,2023-06-08,A,rrobertson@example.net,EMP1491,True,Meets,CPA
EMP1312,Jordan Freeman,Product,Tokyo,Television camera operator,2026-01-22,B,meltonmelanie@example.org,,True,Exceeds,PMP
EMP1313,Madison Terry,Customer Success,Tokyo,Biomedical scientist,2024-04-23,D,brobinson@example.org,EMP1224,False,Meets,CISSP
EMP1314,Ronald Morgan,Legal,New York,Technical brewer,2022-04-21,E,ashleewashington@example.com,EMP1483,True,Outstanding,CPA
EMP1315,Amber Garcia,HR,Tokyo,Psychiatric nurse,2025-09-13,A,martinezmia@example.com,EMP1178,True,Needs Improvement,SCRUM
EMP1316,Tyler Harris,Finance,Singapore,Consulting civil engineer,2021-12-23,D,erik41@example.net,EMP1209,False,Exceeds,SCRUM
EMP1317,Jacob Mckee,IT,London,Diagnostic radiographer,2021-02-27,D,sanderskevin@example.net,EMP1385,True,Exceeds,AWS
EMP1318,Matthew Padilla,IT,Singapore,Accommodation manager,2024-07-08,D,thomasanderson@example.org,EMP1413,True,Meets,None
EMP1319,Alexandra Dominguez,Product,Bangalore,Community arts worker,2022-07-06,C,ebenson@example.org,EMP1194,True,Outstanding,None
EMP1320,Nicholas Garcia,Finance,Tokyo,Intelligence analyst,2020-01-16,A,nicole26@example.org,EMP1369,False,Meets,CISSP
EMP1321,Brenda Moreno MD,Marketing,Bangalore,"Development worker, international aid",2023-07-21,C,nbell@example.net,EMP1491,True,Needs Improvement,AWS
EMP1322,Jason Parks,Legal,Tokyo,"Engineer, water",2024-06-16,A,mosleydonald@example.org,EMP1166,True,Exceeds,CISSP
EMP1323,Heather Jordan,Operations,Tokyo,Counselling psychologist,2023-02-09,B,joshuamiller@example.net,EMP1410,True,Outstanding,AWS
EMP1324,Lisa Maxwell,HR,Sydney,Aid worker,2023-03-17,B,jamie98@example.org,,True,Meets,None
EMP1325,Matthew Bowers,Customer Success,Bangalore,Film/video editor,2024-06-15,A,pcruz@example.com,EMP1053,True,Needs Improvement,AWS
EMP1326,Kelsey Levine,HR,Bangalore,Media planner,2023-07-10,B,david96@example.com,EMP1055,True,Meets,CPA
EMP1327,Pamela Best,IT,New York,"Buyer, industrial",2022-09-28,B,matthewsalexander@example.org,,True,Needs Improvement,SCRUM
EMP1328,Tiffany Sanders,Marketing,London,Historic buildings inspector/conservation officer,2018-06-07,E,zhenderson@example.org,EMP1469,True,Needs Improvement,CPA
EMP1329,Lisa Ramirez,Legal,London,Insurance claims handler,2023-07-18,E,dixonjames@example.org,EMP1040,True,Meets,CISSP
EMP1330,Kevin Hines,Legal,Bangalore,Brewing technologist,2022-08-28,A,holly30@example.org,EMP1321,True,Exceeds,SCRUM
EMP1331,Audrey Salazar,Legal,New York,Automotive engineer,2018-10-29,D,elizabeth21@example.org,EMP1288,False,Meets,PMP
EMP1332,Adam Crawford,Customer Success,Berlin,"Loss adjuster, chartered",2024-02-12,B,gary24@example.net,EMP1430,True,Needs Improvement,SCRUM
EMP1333,Steven Rogers,Legal,Sydney,"Pilot, airline",2025-08-19,C,alexandria49@example.net,EMP1437,True,Meets,CPA
EMP1334,Jorge Brown PhD,HR,Berlin,Dietitian,2018-10-01,E,eric19@example.net,EMP1249,True,Meets,None
EMP1335,Patrick Smith,Sales,Singapore,"Administrator, charities/voluntary organisations",2024-03-29,B,brandoncox@example.org,EMP1256,True,Outstanding,SCRUM
EMP1336,Shannon Tran,IT,Bangalore,Personnel officer,2019-08-14,B,marcbutler@example.net,EMP1322,True,Outstanding,SCRUM
EMP1337,Blake Watson,Marketing,Bangalore,Retail buyer,2020-10-25,E,whitelinda@example.org,EMP1420,True,Exceeds,None
EMP1338,John Campbell,Legal,London,Insurance risk surveyor,2021-07-03,B,christopher70@example.com,EMP1294,False,Needs Improvement,PMP
EMP1339,Richard Stevenson,Operations,Berlin,Financial manager,2019-10-20,E,frichardson@example.org,EMP1186,True,Outstanding,PMP
EMP1340,Paige Sanchez,Finance,Bangalore,Accounting technician,2024-04-28,D,ijohnson@example.com,EMP1265,True,Needs Improvement,PMP
EMP1341,Sherry Tapia,Customer Success,Sydney,Accommodation manager,2023-07-03,E,usweeney@example.com,,True,Meets,None
EMP1342,William Barnes,Engineering,Tokyo,Best boy,2018-12-23,D,jenniferdavis@example.org,EMP1420,True,Exceeds,PMP
EMP1343,Jennifer Huang,Operations,Tokyo,Proofreader,2025-09-22,E,carpenterwilliam@example.net,EMP1410,True,Needs Improvement,PMP
EMP1344,Kevin Brown,Sales,Tokyo,"Conservator, furniture",2025-01-25,E,kellyrosales@example.com,EMP1442,True,Needs Improvement,AWS
EMP1345,Erika Chavez,Operations,Sydney,Facilities manager,2024-01-21,B,hardingderek@example.net,EMP1415,True,Needs Improvement,SCRUM
EMP1346,Christopher Owens,HR,New York,Optometrist,2019-01-08,E,herreratami@example.org,EMP1198,True,Outstanding,AWS
EMP1347,Derek Wilson,Product,Sydney,"Designer, industrial/product",2021-12-09,C,margaret90@example.org,EMP1160,False,Meets,CISSP
EMP1348,Brittany Dawson,HR,Berlin,Market researcher,2025-03-16,A,rpalmer@example.com,EMP1264,True,Outstanding,PMP
EMP1349,Carrie Crane,Customer Success,Singapore,Production manager,2020-04-22,D,codygarcia@example.org,EMP1279,False,Needs Improvement,CISSP
EMP1350,Ronald Haas,Sales,Singapore,"Conservator, furniture",2019-02-16,E,madisonwatson@example.net,EMP1313,True,Exceeds,SCRUM
EMP1351,Lauren Green,HR,Bangalore,Cabin crew,2026-01-25,B,osbornjames@example.net,EMP1220,True,Exceeds,PMP
EMP1352,Anna Boone,IT,Sydney,Learning disability nurse,2021-11-12,D,williamssteven@example.org,EMP1057,True,Meets,None
EMP1353,Samantha Foster,Finance,Tokyo,Air traffic controller,2025-12-15,E,lvega@example.com,EMP1357,True,Outstanding,CPA
EMP1354,Denise Griffin,Customer Success,Sydney,Database administrator,2019-12-03,B,mendezchristina@example.net,EMP1387,True,Needs Improvement,None
EMP1355,Dr. John Miller MD,Marketing,Tokyo,Personnel officer,2020-08-08,D,dawnrobles@example.org,EMP1364,True,Needs Improvement,SCRUM
EMP1356,Kimberly Smith MD,Operations,New York,Mechanical engineer,2023-06-17,E,fstephens@example.com,,True,Outstanding,CISSP
EMP1357,Erica Nelson,IT,London,Agricultural engineer,2025-11-09,E,carla04@example.org,,False,Meets,SCRUM
EMP1358,Kendra Wang DVM,Marketing,Tokyo,"Designer, jewellery",2024-12-21,D,wrightjohn@example.net,EMP1276,True,Needs Improvement,CISSP
EMP1359,Nancy Gallagher,Legal,Berlin,English as a foreign language teacher,2025-01-14,D,lkelly@example.org,EMP1122,False,Meets,AWS
EMP1360,Renee Wolfe,IT,New York,"Therapist, art",2020-02-08,C,warnermichael@example.net,EMP1185,True,Outstanding,CPA
EMP1361,Travis Copeland,Customer Success,Bangalore,"Research officer, government",2022-11-21,B,gregory01@example.org,EMP1234,False,Exceeds,SCRUM
EMP1362,Alicia Woods,Operations,New York,Learning disability nurse,2020-01-27,D,lindsaypeterson@example.org,EMP1123,True,Meets,CPA
EMP1363,Sheena Brown,Marketing,Tokyo,Data scientist,2025-11-28,C,kimmathis@example.com,EMP1302,True,Outstanding,PMP
EMP1364,Tom Foster,Customer Success,Singapore,Chiropractor,2018-09-17,A,kevin22@example.net,EMP1098,True,Meets,CISSP
EMP1365,Toni Banks,Product,Bangalore,Ecologist,2021-10-23,C,jeffrey92@example.com,,True,Outstanding,AWS
EMP1366,Elizabeth Thompson,Sales,New York,Accommodation manager,2020-09-14,C,xrosales@example.net,EMP1365,True,Exceeds,AWS
EMP1367,Evan Lamb,Customer Success,Berlin,Veterinary surgeon,2018-05-15,B,daniellegarcia@example.com,EMP1193,True,Needs Improvement,SCRUM
EMP1368,Blake Reed,Finance,Sydney,IT consultant,2019-04-16,B,daisymccarty@example.net,EMP1332,True,Exceeds,None
EMP1369,Stacie Griffin,Sales,Bangalore,Geochemist,2023-10-17,D,johnjones@example.com,EMP1149,True,Needs Improvement,CISSP
EMP1370,Aaron Cruz,Operations,Berlin,Personnel officer,2024-10-15,B,nicolesnyder@example.com,EMP1303,True,Exceeds,AWS
EMP1371,Ashley Mendoza,Legal,Sydney,Technical brewer,2021-01-30,B,franciscojones@example.org,EMP1212,True,Needs Improvement,PMP
EMP1372,Dean Garcia,Operations,Singapore,"Lighting technician, broadcasting/film/video",2020-08-08,D,pamelamartin@example.org,EMP1227,True,Exceeds,CPA
EMP1373,Vanessa Morgan,Marketing,New York,Visual merchandiser,2022-09-30,E,bbush@example.net,EMP1141,True,Needs Improvement,CISSP
EMP1374,Jessica Brown,Legal,Tokyo,Learning disability nurse,2019-07-01,D,terriortiz@example.net,EMP1085,True,Needs Improvement,PMP
EMP1375,Kimberly Guerrero,Marketing,New York,Human resources officer,2024-03-27,E,codylong@example.net,EMP1231,True,Needs Improvement,PMP
EMP1376,Anthony Smith Jr.,Operations,Bangalore,Tourism officer,2025-03-28,C,bgonzalez@example.org,EMP1232,False,Outstanding,SCRUM
EMP1377,Vanessa Wells,Legal,Bangalore,Commercial art gallery manager,2019-07-19,B,kristen77@example.net,EMP1168,True,Needs Improvement,CISSP
EMP1378,Joshua Lopez,Marketing,Tokyo,Museum/gallery curator,2020-05-07,D,jacob04@example.com,EMP1031,True,Exceeds,CISSP
EMP1379,Russell Elliott,Legal,Bangalore,Dentist,2022-01-18,A,millermaurice@example.net,EMP1479,False,Outstanding,CISSP
EMP1380,Leah Spencer,Product,Sydney,Naval architect,2021-08-13,A,rsheppard@example.com,,True,Outstanding,CISSP
EMP1381,Karen Miller,Sales,Sydney,Animal nutritionist,2022-12-19,E,davidtodd@example.org,EMP1071,True,Outstanding,AWS
EMP1382,Rhonda Martinez,IT,London,Pharmacologist,2019-07-08,B,mcneilryan@example.net,,True,Meets,None
EMP1383,Deanna Bartlett,HR,New York,Broadcast engineer,2019-05-09,C,hughesray@example.com,EMP1055,True,Exceeds,None
EMP1384,Jimmy Marks,Operations,London,Youth worker,2025-05-19,A,jrodriguez@example.org,EMP1472,True,Outstanding,AWS
EMP1385,Olivia Ayers,IT,Bangalore,Claims inspector/assessor,2022-11-30,A,floydmikayla@example.com,EMP1220,True,Outstanding,SCRUM
EMP1386,James Washington,Customer Success,New York,Transport planner,2025-07-24,B,rjohnson@example.com,EMP1020,True,Exceeds,CPA
EMP1387,Melanie Morales,Product,Bangalore,Occupational hygienist,2019-04-26,E,hannah07@example.com,EMP1416,True,Needs Improvement,AWS
EMP1388,George Leon,Customer Success,Tokyo,Insurance risk surveyor,2025-09-21,E,megan13@example.org,EMP1004,True,Outstanding,CISSP
EMP1389,Jessica Petersen,Operations,New York,Geophysical data processor,2020-08-25,E,fjacobs@example.org,,True,Meets,None
EMP1390,Rodney Figueroa,Finance,Bangalore,"Scientist, clinical (histocompatibility and immunogenetics)",2021-11-07,D,lori82@example.org,EMP1100,False,Outstanding,PMP
EMP1391,Jennifer Deleon,Operations,Singapore,"Scientist, research (physical sciences)",2020-09-27,D,thompsonnancy@example.org,EMP1345,True,Exceeds,PMP
EMP1392,Andrew Williams,Operations,London,Media planner,2025-03-19,A,joshuacolon@example.net,EMP1466,False,Exceeds,AWS
EMP1393,Becky Johnson,Finance,Tokyo,Microbiologist,2021-06-21,E,lwheeler@example.com,EMP1286,True,Exceeds,PMP
EMP1394,Hailey Monroe,HR,Sydney,Further education lecturer,2023-02-01,E,mitchellpaul@example.org,EMP1442,False,Needs Improvement,SCRUM
EMP1395,Traci Vincent,Legal,Singapore,Equality and diversity officer,2025-05-10,D,josephortiz@example.org,EMP1173,True,Meets,CPA
EMP1396,Patricia Smith,Finance,Sydney,Consulting civil engineer,2025-06-13,E,carolynsmith@example.com,,True,Needs Improvement,None
EMP1397,Elizabeth Rasmussen,Engineering,Tokyo,Haematologist,2023-04-09,D,wwoodard@example.com,EMP1033,True,Meets,PMP
EMP1398,Eric Meyer,Legal,Sydney,Youth worker,2020-03-27,E,asilva@example.net,EMP1301,False,Needs Improvement,AWS
EMP1399,Sara Hoffman,HR,London,"Therapist, music",2023-09-23,C,kenneth17@example.org,EMP1241,False,Exceeds,CPA
EMP1400,Margaret Hensley MD,HR,Sydney,Hydrogeologist,2020-12-14,D,edwardcannon@example.org,,False,Exceeds,SCRUM
EMP1401,Rhonda Powell,Legal,Tokyo,IT consultant,2024-12-11,E,jenniferrios@example.com,,True,Outstanding,CPA
EMP1402,Jennifer Doyle,IT,New York,Television production assistant,2020-04-20,D,matthewreeves@example.net,EMP1138,True,Meets,SCRUM
EMP1403,Karen Shepard,Finance,Bangalore,Mechanical engineer,2022-08-23,A,megan82@example.com,EMP1380,True,Meets,SCRUM
EMP1404,Patrick Hardy,HR,Bangalore,"Surveyor, land/geomatics",2018-12-04,B,staceylam@example.net,EMP1029,True,Meets,None
EMP1405,Daniel Savage,Sales,London,Petroleum engineer,2018-11-08,A,nathan94@example.com,EMP1003,True,Outstanding,CPA
EMP1406,Anthony Walters,Operations,London,Telecommunications researcher,2025-05-02,D,kennedyjames@example.org,EMP1179,True,Meets,CPA
EMP1407,Kendra Gutierrez,Operations,Singapore,Dentist,2025-06-22,B,victoriacooper@example.net,EMP1231,True,Exceeds,AWS
EMP1408,Judith Stewart,HR,Sydney,Education administrator,2025-09-08,B,freemancrystal@example.org,EMP1233,True,Outstanding,PMP
EMP1409,Abigail Hill,HR,New York,Dispensing optician,2020-10-04,C,tracygallagher@example.org,EMP1293,True,Outstanding,CPA
EMP1410,Madeline Powell,Customer Success,New York,Publishing rights manager,2019-03-13,C,ismith@example.org,EMP1378,True,Exceeds,CISSP
EMP1411,Adrian Morris,Legal,Singapore,Set designer,2024-04-23,B,andrewsmith@example.net,EMP1002,True,Needs Improvement,AWS
EMP1412,Shawn Collins,Customer Success,Berlin,"Civil engineer, contracting",2020-03-18,D,tgordon@example.org,EMP1282,True,Meets,CISSP
EMP1413,Elizabeth Carter,Sales,Singapore,"Scientist, product/process development",2018-08-25,D,ryan25@example.com,EMP1237,True,Meets,CISSP
EMP1414,Carmen Meadows,Operations,Singapore,Operations geologist,2021-02-24,A,perezjessica@example.org,EMP1396,True,Meets,CPA
EMP1415,Leah Jackson,Finance,Berlin,Medical technical officer,2019-11-22,E,brooksdanielle@example.net,EMP1098,True,Meets,None
EMP1416,Zachary Stanley,Legal,London,Advertising account planner,2023-05-25,E,norrisrobert@example.com,EMP1135,False,Meets,None
EMP1417,Kara Hernandez,HR,Sydney,Acupuncturist,2019-02-22,A,robert18@example.com,EMP1019,True,Exceeds,None
EMP1418,Breanna Rivas,Sales,London,Civil Service fast streamer,2023-05-23,B,campbellkristen@example.com,EMP1416,True,Needs Improvement,None
EMP1419,Paula Decker,Marketing,Tokyo,"Engineer, drilling",2019-10-14,C,jade42@example.org,EMP1491,True,Outstanding,PMP
EMP1420,Daniel Fitzpatrick MD,Marketing,Bangalore,"Accountant, chartered",2022-10-04,D,powersrebecca@example.net,EMP1452,True,Exceeds,CPA
EMP1421,Travis Chan Jr.,Finance,Singapore,Chiropractor,2023-10-14,D,dawn74@example.com,,True,Exceeds,AWS
EMP1422,Robert Sawyer,Engineering,New York,Horticultural therapist,2022-01-16,B,laurie56@example.net,EMP1437,True,Needs Improvement,None
EMP1423,Peter Williams,Engineering,Tokyo,Corporate investment banker,2019-01-30,D,markkline@example.net,EMP1371,True,Outstanding,CPA
EMP1424,Anna Briggs,IT,Sydney,"Education officer, museum",2020-05-17,A,moralessuzanne@example.com,EMP1271,True,Meets,CPA
EMP1425,Samuel Marsh,Marketing,Tokyo,Dietitian,2025-03-15,A,andersonjessica@example.org,EMP1198,True,Meets,CPA
EMP1426,Kevin Pham,Legal,New York,Primary school teacher,2018-12-23,B,cherylmaxwell@example.net,EMP1412,True,Needs Improvement,CPA
EMP1427,Sheryl Acosta,HR,Berlin,"Conservator, furniture",2018-05-04,A,hknapp@example.com,EMP1240,True,Outstanding,CPA
EMP1428,Dennis Edwards,IT,Tokyo,"Scientist, water quality",2021-11-04,E,tiffanysantiago@example.com,EMP1168,False,Needs Improvement,AWS
EMP1429,Mercedes Davis,Finance,Bangalore,Fish farm manager,2022-07-05,A,rreed@example.net,EMP1479,True,Needs Improvement,None
EMP1430,Ronald Mcclain,Finance,Singapore,Video editor,2021-05-14,D,smithsarah@example.net,,True,Exceeds,PMP
EMP1431,Jon Martin,Engineering,Berlin,Regulatory affairs officer,2025-04-25,C,john40@example.net,EMP1458,True,Outstanding,CPA
EMP1432,Jamie Montoya,Legal,Tokyo,Careers information officer,2019-12-27,C,kwallace@example.com,,True,Exceeds,None
EMP1433,Jillian Wilson,Engineering,New York,Research scientist (medical),2018-11-04,D,garciarobert@example.net,EMP1150,True,Needs Improvement,AWS
EMP1434,Brandon Munoz,Sales,Bangalore,Water engineer,2022-10-06,C,pamela83@example.net,EMP1078,False,Meets,AWS
EMP1435,Glen Bryan,Sales,Tokyo,Environmental health practitioner,2023-10-22,B,xrivera@example.net,EMP1194,True,Exceeds,SCRUM
EMP1436,Matthew Baldwin,Finance,New York,Clothing/textile technologist,2023-03-13,B,malonejeffrey@example.com,EMP1293,True,Meets,None
EMP1437,Tracey Carter,Legal,London,"Scientist, research (maths)",2021-02-11,D,jacqueline02@example.com,EMP1006,True,Needs Improvement,CISSP
EMP1438,Natalie Ortiz,Customer Success,Bangalore,Forest/woodland manager,2019-04-16,D,jacobconrad@example.com,EMP1048,True,Exceeds,CPA
EMP1439,Richard Love,Engineering,Tokyo,Clinical cytogeneticist,2019-12-05,D,owilliams@example.net,EMP1135,True,Exceeds,AWS
EMP1440,Steven Ellis,Sales,Singapore,Theme park manager,2023-02-07,B,tamarasmith@example.net,EMP1084,False,Meets,PMP
EMP1441,Jessica Richards,Sales,New York,Rural practice surveyor,2018-07-04,E,heatherthompson@example.org,EMP1134,True,Exceeds,PMP
EMP1442,Kyle Andrade,HR,London,Retail merchandiser,2018-12-22,E,mbarnes@example.net,,False,Meets,AWS
EMP1443,James Cooper,Sales,Berlin,Hospital pharmacist,2024-07-30,B,iballard@example.com,EMP1381,False,Outstanding,CPA
EMP1444,Nicole Evans,Customer Success,London,Sports development officer,2023-03-21,C,jennifer83@example.org,EMP1082,False,Needs Improvement,CISSP
EMP1445,Donna Reed,Legal,London,Consulting civil engineer,2019-11-17,C,williambenson@example.com,EMP1204,False,Outstanding,CISSP
EMP1446,Harold Castillo,Engineering,Singapore,"Teacher, English as a foreign language",2024-02-19,B,icraig@example.com,EMP1083,True,Exceeds,CISSP
EMP1447,Rhonda Mills,Operations,Tokyo,Agricultural consultant,2025-07-23,C,qthomas@example.org,EMP1500,True,Meets,CISSP
EMP1448,Richard Terrell,Customer Success,London,Fitness centre manager,2019-10-18,E,maryvaughn@example.com,EMP1212,True,Exceeds,AWS
EMP1449,Amanda Cervantes,Operations,Bangalore,"Civil engineer, consulting",2019-10-30,A,juliahoffman@example.org,EMP1346,True,Needs Improvement,SCRUM
EMP1450,Rebecca Roberts,Finance,London,Art gallery manager,2022-06-10,E,yhughes@example.net,EMP1280,True,Exceeds,None
EMP1451,Amy Manning,Operations,Berlin,"Engineer, electrical",2020-10-02,A,ogreer@example.net,EMP1391,True,Exceeds,None
EMP1452,Nicole Payne,Marketing,Tokyo,Toxicologist,2024-02-17,E,kimberlybrandt@example.com,EMP1315,True,Needs Improvement,AWS
EMP1453,Michael Lopez,Legal,New York,Early years teacher,2021-11-29,C,bennettroy@example.net,EMP1213,True,Exceeds,AWS
EMP1454,Kevin Scott,IT,Tokyo,Lawyer,2020-05-04,B,jmckinney@example.org,EMP1099,True,Outstanding,CISSP
EMP1455,Linda Ayala,Marketing,Bangalore,Warden/ranger,2019-05-27,A,tracy98@example.com,EMP1197,True,Outstanding,None
EMP1456,Emily Robinson,Finance,Singapore,Educational psychologist,2018-09-18,B,hartmanerik@example.net,EMP1112,False,Needs Improvement,SCRUM
EMP1457,Gregory Ware,Engineering,Berlin,Learning disability nurse,2022-08-30,C,michael39@example.net,EMP1004,True,Needs Improvement,PMP
EMP1458,Samantha Zavala MD,IT,London,Logistics and distribution manager,2022-02-18,D,pallen@example.net,EMP1261,True,Meets,None
EMP1459,Tina Fleming,IT,Bangalore,IT sales professional,2025-11-28,B,hmoon@example.com,EMP1030,True,Exceeds,SCRUM
EMP1460,Diane Pruitt,Customer Success,London,Minerals surveyor,2020-04-11,C,stucker@example.net,EMP1199,True,Meets,None
EMP1461,Bradley Davis,Legal,Bangalore,Soil scientist,2019-09-25,A,simsjason@example.net,EMP1100,True,Needs Improvement,SCRUM
EMP1462,Michael Houston,Legal,Singapore,"Engineer, land",2024-09-03,C,elucas@example.net,EMP1125,False,Needs Improvement,CPA
EMP1463,Joe Rivera,Operations,Singapore,Chartered loss adjuster,2023-12-06,B,brownlaura@example.net,EMP1336,False,Outstanding,CPA
EMP1464,Crystal Green,HR,Bangalore,Network engineer,2018-09-10,A,bmccoy@example.com,EMP1378,False,Needs Improvement,SCRUM
EMP1465,Bryan Smith,HR,Tokyo,Water engineer,2018-03-28,D,avilabrenda@example.net,EMP1499,True,Outstanding,PMP
EMP1466,Timothy Rodriguez,Marketing,Berlin,Illustrator,2025-04-23,D,campbellsara@example.com,,True,Needs Improvement,PMP
EMP1467,Amanda Moore,Engineering,Tokyo,English as a second language teacher,2021-06-15,C,julierobles@example.net,EMP1163,True,Meets,CPA
EMP1468,Brianna Byrd,Sales,Singapore,Midwife,2020-08-08,B,spencerangela@example.org,EMP1164,True,Exceeds,CISSP
EMP1469,Kyle Medina,Finance,Tokyo,Chartered certified accountant,2018-06-13,E,jason53@example.com,EMP1156,True,Exceeds,CISSP
EMP1470,Kayla Martin,Product,Singapore,Environmental consultant,2025-10-18,B,james29@example.org,EMP1311,True,Meets,SCRUM
EMP1471,Wanda Dunn,HR,Singapore,Stage manager,2025-05-03,C,robertscarlos@example.org,EMP1342,True,Exceeds,CPA
EMP1472,Katelyn Rivera,Customer Success,Sydney,"Conservation officer, historic buildings",2019-10-10,D,craigharvey@example.org,EMP1081,True,Needs Improvement,AWS
EMP1473,Mr. Matthew Steele,Customer Success,New York,"Designer, ceramics/pottery",2020-10-18,A,lindsey62@example.org,EMP1381,True,Meets,PMP
EMP1474,Daniel Singh,Operations,New York,Press photographer,2020-10-04,B,mary25@example.com,EMP1063,True,Exceeds,SCRUM
EMP1475,Raymond Tucker,Product,Singapore,Clinical embryologist,2022-01-12,C,debbiemiller@example.com,EMP1030,True,Needs Improvement,AWS
EMP1476,Stephanie Gonzalez,IT,Bangalore,Camera operator,2025-05-25,D,mcclainmelissa@example.net,EMP1443,True,Needs Improvement,CPA
EMP1477,Lauren Hammond,Engineering,Berlin,"Engineer, petroleum",2018-05-11,B,arnoldamy@example.net,EMP1136,True,Outstanding,SCRUM
EMP1478,Brittany Long,HR,New York,Theme park manager,2022-02-09,E,dennis88@example.org,EMP1394,True,Needs Improvement,None
EMP1479,Adam Allen,Engineering,Tokyo,Visual merchandiser,2021-06-20,D,katherinetaylor@example.org,EMP1473,True,Exceeds,AWS
EMP1480,Krystal Brennan,Customer Success,Singapore,Dancer,2019-08-14,B,ccrosby@example.org,EMP1336,True,Meets,None
EMP1481,Arthur Wood Jr.,Operations,Singapore,"Engineer, maintenance",2024-07-27,B,paul70@example.org,,True,Exceeds,None
EMP1482,Michael Boyd,IT,Bangalore,Graphic designer,2023-08-11,E,beth92@example.com,EMP1305,True,Meets,None
EMP1483,Kevin Villanueva,Legal,Berlin,Careers adviser,2023-08-27,B,nicholas38@example.com,EMP1097,False,Needs Improvement,CPA
EMP1484,Haley Sparks,Sales,Bangalore,Trade mark attorney,2021-02-04,C,shawdon@example.org,EMP1233,True,Outstanding,CPA
EMP1485,Mason Lewis,IT,Berlin,"Embryologist, clinical",2020-01-19,C,michaellove@example.org,EMP1477,True,Outstanding,CPA
EMP1486,Robert Cortez,Operations,Tokyo,Race relations officer,2023-09-19,C,lmendoza@example.org,EMP1044,True,Exceeds,None
EMP1487,Alison Williams,IT,Bangalore,"Teacher, secondary school",2023-08-07,E,dennishunt@example.net,EMP1182,True,Exceeds,None
EMP1488,David White,HR,Tokyo,"Optician, dispensing",2019-05-06,E,johnsjessica@example.com,EMP1120,True,Needs Improvement,AWS
EMP1489,Lawrence Ruiz,Operations,Berlin,Race relations officer,2018-10-28,E,jeffreyjenkins@example.org,EMP1139,True,Outstanding,SCRUM
EMP1490,Patricia Hanson,Marketing,Berlin,Sales promotion account executive,2024-11-07,D,gary57@example.net,EMP1437,True,Meets,PMP
EMP1491,James Anderson,Legal,New York,"Administrator, sports",2023-02-12,B,alexandrablankenship@example.net,,True,Exceeds,CPA
EMP1492,Lisa Thompson,HR,Sydney,Volunteer coordinator,2021-08-31,C,richamanda@example.org,EMP1221,True,Meets,CPA
EMP1493,Mr. Larry Carey,Customer Success,Berlin,Plant breeder/geneticist,2018-11-20,D,cwood@example.net,EMP1209,True,Exceeds,AWS
EMP1494,Todd Olson,Legal,Berlin,Museum/gallery curator,2022-08-08,C,brianna91@example.com,EMP1160,True,Exceeds,AWS
EMP1495,Ralph Kent,Legal,New York,Charity officer,2019-03-26,B,carmen86@example.com,EMP1034,True,Outstanding,None
EMP1496,Patrick Smith,Operations,New York,"Scientist, research (medical)",2019-09-14,C,meyernicholas@example.org,EMP1437,True,Meets,CISSP
EMP1497,Jennifer Rodriguez,IT,Tokyo,Physiological scientist,2023-12-11,B,jose86@example.net,EMP1412,True,Outstanding,CISSP
EMP1498,Wendy Sanders,Marketing,Berlin,"Engineer, electronics",2021-03-16,A,jarnold@example.com,EMP1088,True,Exceeds,AWS
EMP1499,Justin King,IT,Tokyo,Information systems manager,2019-08-13,B,kim62@example.net,EMP1460,True,Outstanding,CPA
EMP1500,Jillian Lyons,Operations,Sydney,"Designer, television/film set",2019-02-08,B,lewisrichard@example.com,EMP1126,True,Meets,AWS
